{"cameraMode":{"drawMode":0,"name":"Shaded","section":"Shading Mode"},"sceneLighting":true,"audioPlay":false,"sceneViewState":{"showFog":true,"showMaterialUpdate":false,"showSkybox":true,"showFlares":true,"showImageEffects":true,"showParticleSystems":true},"in2DMode":false,"pivot":{"x":40.880855560302737,"y":0.03305599093437195,"z":-32.88313293457031},"rotation":{"x":-0.31598520278930666,"y":0.0843939483165741,"z":-0.0282069630920887,"w":-0.9446101188659668},"size":3.092862367630005,"orthographic":false}