{"cameraMode":{"drawMode":0,"name":"Shaded","section":"Shading Mode"},"sceneLighting":true,"audioPlay":false,"sceneViewState":{"showFog":true,"showMaterialUpdate":false,"showSkybox":true,"showFlares":true,"showImageEffects":true,"showParticleSystems":true},"in2DMode":false,"pivot":{"x":37.48826217651367,"y":0.869997501373291,"z":-34.839874267578128},"rotation":{"x":-0.29578086733818056,"y":0.016335973516106607,"z":-0.005045261234045029,"w":-0.9551277756690979},"size":3.712589979171753,"orthographic":false}