{"cameraMode":{"drawMode":0,"name":"Shaded","section":"Shading Mode"},"sceneLighting":false,"audioPlay":false,"sceneViewState":{"showFog":true,"showMaterialUpdate":false,"showSkybox":false,"showFlares":true,"showImageEffects":true,"showParticleSystems":true},"in2DMode":false,"pivot":{"x":40.8817138671875,"y":0.0661119818687439,"z":-32.886268615722659},"rotation":{"x":0.42178428173065188,"y":-0.19983920454978944,"z":0.09587889164686203,"w":0.8791936039924622},"size":0.18572784960269929,"orthographic":false}