{"cameraMode":{"drawMode":0,"name":"Shaded","section":"Shading Mode"},"sceneLighting":true,"audioPlay":false,"sceneViewState":{"showFog":true,"showMaterialUpdate":false,"showSkybox":true,"showFlares":true,"showImageEffects":true,"showParticleSystems":true},"in2DMode":false,"pivot":{"x":34.531829833984378,"y":0.6166667938232422,"z":-30.61536407470703},"rotation":{"x":0.4280722737312317,"y":-0.20174139738082887,"z":0.0986594557762146,"w":0.8754044771194458},"size":4.552077293395996,"orthographic":false}