{"cameraMode":{"drawMode":0,"name":"Shaded","section":"Shading Mode"},"sceneLighting":true,"audioPlay":false,"sceneViewState":{"showFog":true,"showMaterialUpdate":false,"showSkybox":true,"showFlares":true,"showImageEffects":true,"showParticleSystems":true},"in2DMode":false,"pivot":{"x":-2.2440757751464845,"y":-1.5302166938781739,"z":3.5155792236328127},"rotation":{"x":0.2246864140033722,"y":0.03944702073931694,"z":-0.009103422053158284,"w":0.9735930562019348},"size":10.508280754089356,"orthographic":false}