{"cameraMode":{"drawMode":0,"name":"Shaded","section":"Shading Mode"},"sceneLighting":false,"audioPlay":false,"sceneViewState":{"showFog":true,"showMaterialUpdate":false,"showSkybox":false,"showFlares":true,"showImageEffects":true,"showParticleSystems":true},"in2DMode":false,"pivot":{"x":38.889095306396487,"y":0.08263995498418808,"z":-30.391386032104493},"rotation":{"x":0.0666651800274849,"y":0.9248315691947937,"z":-0.3217560052871704,"w":0.19161739945411683},"size":0.2321566641330719,"orthographic":false}