{"cameraMode":{"drawMode":0,"name":"Shaded","section":"Shading Mode"},"sceneLighting":true,"audioPlay":false,"sceneViewState":{"showFog":true,"showMaterialUpdate":false,"showSkybox":true,"showFlares":true,"showImageEffects":true,"showParticleSystems":true},"in2DMode":false,"pivot":{"x":33.80003356933594,"y":1.0,"z":-47.31999969482422},"rotation":{"x":0.42178428173065188,"y":-0.19983920454978944,"z":0.09587889164686203,"w":0.8791936039924622},"size":5.607517242431641,"orthographic":false}