{"cameraMode":{"drawMode":0,"name":"Shaded","section":"Shading Mode"},"sceneLighting":true,"audioPlay":false,"sceneViewState":{"showFog":true,"showMaterialUpdate":false,"showSkybox":true,"showFlares":true,"showImageEffects":true,"showParticleSystems":true},"in2DMode":false,"pivot":{"x":41.03232955932617,"y":1.6354057788848878,"z":-28.649307250976564},"rotation":{"x":-0.00463424576446414,"y":0.9953354001045227,"z":-0.07209844142198563,"w":-0.06398826837539673},"size":4.096424102783203,"orthographic":false}