{"cameraMode":{"drawMode":0,"name":"Shaded","section":"Shading Mode"},"sceneLighting":false,"audioPlay":false,"sceneViewState":{"showFog":true,"showMaterialUpdate":false,"showSkybox":false,"showFlares":true,"showImageEffects":true,"showParticleSystems":true},"in2DMode":false,"pivot":{"x":0.4223955273628235,"y":8.74169921875,"z":1.399714469909668},"rotation":{"x":-0.18081215023994447,"y":-0.0008880750392563641,"z":0.00016222977137658745,"w":-0.9835293889045715},"size":15.492362976074219,"orthographic":false}