{"cameraMode":{"drawMode":0,"name":"Shaded","section":"Shading Mode"},"sceneLighting":true,"audioPlay":false,"sceneViewState":{"showFog":true,"showMaterialUpdate":false,"showSkybox":true,"showFlares":true,"showImageEffects":true,"showParticleSystems":true},"in2DMode":false,"pivot":{"x":0.22032612562179566,"y":1.0184094905853272,"z":-0.8951295018196106},"rotation":{"x":-0.18145957589149476,"y":0.5949555039405823,"z":-0.14011381566524507,"w":-0.7703986167907715},"size":3.0083727836608888,"orthographic":false}