{"cameraMode":{"drawMode":0,"name":"Shaded","section":"Shading Mode"},"sceneLighting":true,"audioPlay":false,"sceneViewState":{"showFog":true,"showMaterialUpdate":false,"showSkybox":true,"showFlares":true,"showImageEffects":true,"showParticleSystems":true},"in2DMode":false,"pivot":{"x":42.13631820678711,"y":1.2173399925231934,"z":-29.16765022277832},"rotation":{"x":0.3624974191188812,"y":0.5456439852714539,"z":-0.2822023034095764,"w":0.7008848786354065},"size":3.796424150466919,"orthographic":false}