{"cameraMode":{"drawMode":0,"name":"Shaded","section":"Shading Mode"},"sceneLighting":true,"audioPlay":false,"sceneViewState":{"showFog":true,"showMaterialUpdate":false,"showSkybox":true,"showFlares":true,"showImageEffects":true,"showParticleSystems":true},"in2DMode":false,"pivot":{"x":-0.8813681602478027,"y":1.0,"z":-1.4426559209823609},"rotation":{"x":-0.11391376703977585,"y":0.05124213919043541,"z":-0.0058617061004042629,"w":-0.9921735525131226},"size":3.812309503555298,"orthographic":false}