{"cameraMode":{"drawMode":0,"name":"Shaded","section":"Shading Mode"},"sceneLighting":false,"audioPlay":false,"sceneViewState":{"showFog":true,"showMaterialUpdate":false,"showSkybox":false,"showFlares":true,"showImageEffects":true,"showParticleSystems":true},"in2DMode":false,"pivot":{"x":42.49154281616211,"y":2.3400940895080568,"z":-35.91460037231445},"rotation":{"x":0.13907454907894135,"y":-0.6490883827209473,"z":0.12235400080680847,"w":0.7378249764442444},"size":2.1462321281433107,"orthographic":false}